Component,Type,Description,Educational Purpose,Ethical Considerations,Technical Features
main.py,Core Application,Main entry point with argument parsing and orchestration,Demonstrates proper application structure and user interface design,Includes built-in ethical verification and legal compliance,"Multi-mode operation, configuration management, error handling"
ethical_framework.py,Core Module,Ethical and legal compliance verification system,Teaches importance of authorization and legal compliance,"Mandatory consent verification, permission checking, audit logging","Interactive consent system, permission validation, activity logging"
wifi_scanner.py,Core Module,Cross-platform WiFi network discovery and analysis,Explains network scanning techniques and protocols,"Authorization required, educational scanning only","Multi-platform support, passive scanning, interface detection"
network_monitor.py,Core Module,Network traffic monitoring and analysis tools,Demonstrates network monitoring concepts and techniques,"Educational monitoring only, no unauthorized interception","Traffic statistics, device categorization, suspicious activity detection"
educational_dashboard.py,Core Module,Interactive learning interface and educational content,Provides guided learning through cybersecurity concepts,Focuses on education over exploitation,"Interactive tutorials, progress tracking, educational explanations"
security_analyzer.py,Core Module,Security assessment and vulnerability analysis,Teaches security analysis and risk assessment,Educational vulnerability demonstration only,"Automated analysis, risk scoring, educational reporting"
settings.json,Configuration,Application settings and behavioral configuration,Demonstrates proper configuration management,"Educational mode enforcement, ethical warnings enabled","JSON configuration, runtime behavior control"
legal_disclaimer.txt,Legal Document,Comprehensive legal terms and conditions,Educates about legal requirements in cybersecurity,Complete legal framework and user responsibilities,"Legal compliance, terms of use, liability limitations"
install_dependencies.sh,Setup Script,Automated system and Python dependency installation,Teaches proper development environment setup,Includes warnings about proper usage,"Multi-platform support, error handling, verification"
setup_environment.sh,Setup Script,Environment configuration and optimization,Demonstrates professional environment setup,Permission checking and usage warnings,"Interface detection, alias creation, desktop integration"
run_monitor.sh,Launcher Script,User-friendly application launcher with menu system,Provides easy access to educational features,Legal warnings and authorization reminders,"Interactive menu, option selection, documentation access"
README.md,Documentation,Comprehensive project overview and quick start guide,Introduces cybersecurity concepts and ethical hacking,Emphasizes legal compliance and educational purpose,"Feature overview, installation guide, usage examples"
ETHICS_GUIDE.md,Documentation,Detailed ethical framework and legal considerations,Comprehensive ethics education for cybersecurity professionals,Complete ethical framework and professional standards,"Legal requirements, professional ethics, career guidance"
INSTALLATION.md,Documentation,Detailed installation instructions for all platforms,Teaches proper tool installation and configuration,Includes legal warnings and permission requirements,"Multi-platform instructions, troubleshooting, verification"
USAGE_GUIDE.md,Documentation,Comprehensive usage instructions and educational guidance,Explains how to use tools ethically and effectively,Authorization processes and ethical usage examples,"Feature explanations, educational use cases, troubleshooting"
requirements.txt,Configuration,Python package dependencies specification,Demonstrates proper dependency management,Includes only educational and legitimate packages,"Version pinning, compatibility notes, optional dependencies"
Interactive Learning,Educational Feature,Guided tutorials on network security concepts,Comprehensive cybersecurity education,"No hands-on exploitation, theory and defense focused","Step-by-step guides, progress tracking, assessments"
Network Analysis,Educational Feature,Real-time network analysis with educational context,Practical understanding of network security,"Authorization required, educational analysis only","Automated analysis, risk assessment, remediation guidance"
Security Reporting,Educational Feature,Professional security report generation,Teaches security documentation and communication,"Educational reports only, no exploitation data","Executive summaries, technical details, recommendations"
Vulnerability Education,Educational Feature,Conceptual vulnerability demonstration,Understanding common security weaknesses,"Educational demonstration only, no actual exploitation","Vulnerability explanations, mitigation strategies, best practices"
Authorization Checks,Safety Feature,Mandatory permission verification before scanning,Importance of authorization in security testing,Legal compliance and professional ethics,"Interactive consent, permission logging, audit trails"
Educational Warnings,Safety Feature,Continuous reminders about ethical usage,Reinforces responsible cybersecurity practices,Prevents unauthorized usage and legal violations,"Context-sensitive warnings, legal reminders, usage guidelines"
Activity Logging,Safety Feature,Comprehensive logging of all activities,Teaches importance of audit trails,Provides legal protection and accountability,"Timestamped logs, activity tracking, compliance documentation"
Scope Limitation,Safety Feature,Built-in limitations to prevent misuse,Demonstrates responsible tool design,Prevents unauthorized access and exploitation,"Feature restrictions, educational focus, defensive orientation"
